,index,City,Longitude,Latitude,MaxTemp,Humidity,Cloudiness,WindSpeed,Country,Date,CityID
0,0,Clyde River,-68.5914,70.4692,-3.77,84.0,100.0,16.11,CA,1638131411.0,5924351.0
1,1,Jamestown,-79.2353,42.097,36.72,100.0,90.0,9.22,US,1638131407.0,5122534.0
2,4,Nainital,79.4469,29.3974,39.52,65.0,0.0,4.14,IN,1638131416.0,1262117.0
3,5,Hasaki,140.8333,35.7333,34.2,48.0,2.0,0.89,JP,1638131417.0,2112802.0
4,6,Chongwe,28.682,-15.3292,66.88,49.0,3.0,4.29,ZM,1638131418.0,917688.0
5,7,Gus-Zheleznyy,41.1656,55.0581,31.46,99.0,100.0,5.06,RU,1638131420.0,557754.0
6,8,George Town,100.3354,5.4112,76.95,88.0,20.0,0.0,MY,1638131331.0,1735106.0
7,9,Manadhoo,73.3833,5.7667,80.55,78.0,97.0,12.75,MV,1638131422.0,1337618.0
8,10,Fairbanks,-147.7164,64.8378,-27.44,75.0,1.0,0.0,US,1638131424.0,5861897.0
9,11,Lázaro Cárdenas,-102.2,17.9583,84.63,55.0,4.0,10.0,MX,1638131425.0,4026082.0
10,12,Rikitea,-134.9692,-23.1203,76.33,77.0,12.0,16.82,PF,1638131315.0,4030556.0
11,13,Tuktoyaktuk,-133.0374,69.4541,-9.4,70.0,75.0,17.27,CA,1638131428.0,6170031.0
12,14,Norman Wells,-126.8329,65.282,-30.96,61.0,75.0,2.3,CA,1638131429.0,6089245.0
13,15,Albany,-73.9662,42.6001,30.85,84.0,91.0,2.98,US,1638131431.0,5106841.0
14,16,Grand-Santi,-54.3833,4.25,82.29,69.0,45.0,4.61,GF,1638131432.0,3381538.0
15,17,Sehithwa,22.7167,-20.4667,80.29,45.0,98.0,9.53,BW,1638131434.0,933109.0
16,18,Tasiilaq,-37.6368,65.6145,26.76,96.0,97.0,2.39,GL,1638131435.0,3424607.0
17,19,Srednekolymsk,153.6833,67.45,-33.07,98.0,100.0,8.19,RU,1638131437.0,2121025.0
18,20,Saskylakh,114.0833,71.9167,-19.86,100.0,100.0,4.43,RU,1638131439.0,2017155.0
19,21,Carberry,-99.3602,49.8689,26.83,77.0,100.0,7.83,CA,1638131440.0,5916706.0
20,22,Marawi,124.2928,7.9986,68.07,91.0,62.0,2.3,PH,1638131442.0,1701054.0
21,23,Karratha,116.8463,-20.7377,80.71,63.0,34.0,3.18,AU,1638131443.0,6620339.0
22,24,Hilo,-155.09,19.7297,78.53,65.0,40.0,10.36,US,1638131445.0,5855927.0
23,25,Hobart,147.3294,-42.8794,53.46,76.0,0.0,9.22,AU,1638131417.0,2163355.0
24,26,Ushuaia,-68.3,-54.8,46.06,71.0,40.0,20.71,AR,1638131219.0,3833367.0
25,27,Madang,145.7966,-5.2246,76.86,90.0,91.0,4.29,PG,1638131449.0,2091996.0
26,28,Dorado,-66.2677,18.4588,84.09,70.0,40.0,11.5,PR,1638131451.0,4564133.0
27,29,Talnakh,88.3972,69.4865,-16.1,98.0,72.0,2.37,RU,1638131452.0,1490256.0
28,30,Namatanai,152.4333,-3.6667,81.16,79.0,77.0,5.82,PG,1638131454.0,2090021.0
29,31,Kapaa,-159.319,22.0752,80.92,61.0,40.0,11.5,US,1638131455.0,5848280.0
30,32,Sémbé,14.5806,1.6481,75.22,68.0,84.0,1.97,CG,1638131457.0,2255304.0
31,33,Lebu,-73.65,-37.6167,56.28,70.0,5.0,19.35,CL,1638131458.0,3883457.0
32,34,Longyearbyen,15.6401,78.2186,10.24,56.0,75.0,27.63,SJ,1638131459.0,2729907.0
33,35,Deputatsky,139.9,69.3,-12.33,96.0,100.0,5.1,RU,1638131461.0,2028164.0
34,36,Mahébourg,57.7,-20.4081,73.69,83.0,20.0,3.44,MU,1638131462.0,934322.0
35,37,Khatanga,102.5,71.9667,-8.03,98.0,100.0,9.31,RU,1638131464.0,2022572.0
36,38,Qaanaaq,-69.3632,77.484,-8.21,77.0,23.0,8.23,GL,1638131465.0,3831208.0
37,39,Bluff,168.3333,-46.6,55.81,68.0,53.0,19.35,NZ,1638131467.0,2206939.0
38,40,Punta Arenas,-70.9167,-53.15,50.11,62.0,75.0,29.93,CL,1638131178.0,3874787.0
39,41,Eyl,49.8164,7.9803,77.99,72.0,34.0,17.6,SO,1638131338.0,60019.0
40,42,Aklavik,-135.0107,68.2191,-12.17,70.0,40.0,16.11,CA,1638131471.0,5882953.0
41,44,Port Alfred,26.891,-33.5906,66.2,80.0,6.0,10.4,ZA,1638131474.0,964432.0
42,45,Vila Franca do Campo,-25.4333,37.7167,61.21,67.0,95.0,4.9,PT,1638131475.0,3372472.0
43,47,Alofi,-169.9187,-19.0595,80.49,57.0,40.0,13.8,NU,1638131478.0,4036284.0
44,48,Mount Isa,139.5,-20.7333,76.77,29.0,75.0,11.5,AU,1638131474.0,2065594.0
45,49,Saint George,-113.5841,37.1041,75.67,23.0,1.0,0.0,US,1638131419.0,5546220.0
46,50,Saldanha,17.9442,-33.0117,64.45,85.0,26.0,5.35,ZA,1638131409.0,3361934.0
47,52,Thompson,-97.8558,55.7435,5.16,85.0,40.0,6.91,CA,1638131193.0,6165406.0
48,53,Marsá Maţrūḩ,27.2453,31.3525,64.6,63.0,0.0,4.61,EG,1638131485.0,352733.0
49,55,Hailar,119.7,49.2,4.12,96.0,91.0,6.13,CN,1638131488.0,2037078.0
50,56,Bengkulu,102.2655,-3.8004,75.85,85.0,100.0,4.72,ID,1638131489.0,1649150.0
51,57,Carnarvon,113.6333,-24.8667,75.27,64.0,0.0,14.97,AU,1638131491.0,2074865.0
52,58,Teluknaga,106.6381,-6.0989,75.24,100.0,40.0,6.91,ID,1638131492.0,1990589.0
53,59,Solnechnyy,136.6319,50.7214,12.67,95.0,100.0,3.18,RU,1638131494.0,2016307.0
54,60,Busselton,115.3333,-33.65,60.35,85.0,23.0,8.59,AU,1638131310.0,2075265.0
55,61,Mataura,168.8643,-46.1927,58.6,51.0,84.0,3.69,NZ,1638131496.0,6201424.0
56,62,Laguna,-121.4238,38.421,71.42,59.0,1.0,5.75,US,1638131498.0,5364271.0
57,63,Kruisfontein,24.7314,-34.0033,63.09,78.0,2.0,17.54,ZA,1638131499.0,986717.0
58,64,Kaeo,173.7833,-35.1,68.56,65.0,100.0,2.06,NZ,1638131501.0,2189343.0
59,65,Novoagansk,76.6625,61.9449,6.94,91.0,100.0,5.35,RU,1638131502.0,1497210.0
60,66,Crib Point,145.2,-38.35,54.36,82.0,3.0,7.07,AU,1638131504.0,2169995.0
61,67,Vaini,-175.2,-21.2,80.76,74.0,20.0,9.22,TO,1638131313.0,4032243.0
62,68,Hermanus,19.2345,-34.4187,63.55,84.0,75.0,7.61,ZA,1638131506.0,3366880.0
63,69,Avarua,-159.775,-21.2078,78.85,61.0,20.0,6.91,CK,1638131508.0,4035715.0
64,70,Yellowknife,-114.3525,62.456,18.12,93.0,90.0,12.66,CA,1638131309.0,6185377.0
65,71,Puerto Colombia,-74.9547,10.9878,86.09,73.0,93.0,16.4,CO,1638131248.0,3671497.0
66,72,Zeya,127.2667,53.75,5.7,59.0,0.0,5.08,RU,1638131513.0,2012593.0
67,73,Sitka,-135.33,57.0531,35.49,64.0,75.0,13.8,US,1638131514.0,5557293.0
68,74,Coxim,-54.76,-18.5067,86.74,59.0,99.0,4.68,BR,1638131516.0,3465228.0
69,75,Meridian,-116.3915,43.6121,50.85,63.0,1.0,0.0,US,1638131416.0,5600685.0
70,76,Puerto Ayora,-90.3518,-0.7393,78.76,81.0,85.0,10.18,EC,1638131518.0,3652764.0
71,77,Gold Coast,153.4333,-28.0,68.07,83.0,75.0,8.05,AU,1638131520.0,2165087.0
72,80,Airai,125.4092,-8.9266,60.44,89.0,100.0,1.5,TL,1638131524.0,1651810.0
73,82,Christchurch,172.6333,-43.5333,57.4,88.0,90.0,8.05,NZ,1638131359.0,2192362.0
74,83,Bethel,-73.414,41.3712,37.98,75.0,90.0,3.44,US,1638131527.0,5282297.0
75,84,Mar del Plata,-57.5575,-38.0023,66.22,88.0,90.0,14.97,AR,1638131316.0,3430863.0
76,85,New Norfolk,147.0587,-42.7826,53.1,74.0,58.0,2.35,AU,1638131530.0,2155415.0
77,86,Iquique,-70.1431,-20.2208,68.04,73.0,95.0,4.88,CL,1638131531.0,3887127.0
78,87,Raja,25.678,8.4596,79.77,31.0,7.0,3.98,SS,1638131416.0,368246.0
79,88,Padang,100.3543,-0.9492,75.94,88.0,96.0,2.93,ID,1638131534.0,1633419.0
80,89,Qeshm,56.2719,26.9581,73.29,73.0,8.0,6.98,IR,1638131536.0,119374.0
81,90,Havre-St-Pierre,-63.5986,50.2334,35.6,80.0,90.0,16.11,CA,1638131537.0,5972291.0
82,91,Balabac,117.0645,7.9868,80.44,78.0,100.0,3.09,PH,1638131539.0,1728675.0
83,92,Sorong,131.25,-0.8833,78.48,85.0,100.0,4.41,ID,1638131540.0,1626542.0
84,93,Kousséri,15.0306,12.0769,80.56,18.0,25.0,5.75,CM,1638131542.0,2229798.0
85,94,Port Hawkesbury,-61.3485,45.6169,40.59,64.0,1.0,5.75,CA,1638131456.0,6111867.0
86,95,Hong Kong,114.1577,22.2855,69.78,69.0,47.0,6.42,HK,1638131002.0,1819729.0
87,96,Yārāda,83.2667,17.65,76.32,68.0,99.0,7.4,IN,1638131545.0,1252783.0
88,97,Baykal'sk,104.1469,51.5058,22.55,72.0,100.0,4.99,RU,1638131547.0,2026979.0
89,98,Dhidhdhoo,73.1,6.8833,79.41,82.0,100.0,8.81,MV,1638131548.0,1337612.0
90,99,Aktau,51.2,43.65,39.78,46.0,76.0,11.72,KZ,1638131550.0,610612.0
91,100,Plettenberg Bay,23.3716,-34.0527,64.67,83.0,81.0,8.46,ZA,1638131551.0,964712.0
92,101,Paamiut,-49.6678,61.994,38.66,90.0,100.0,27.6,GL,1638131553.0,3421193.0
93,102,Araguaína,-48.2072,-7.1911,81.66,71.0,91.0,1.3,BR,1638131410.0,3407357.0
94,103,Nikolskoye,30.7861,59.7035,24.69,92.0,96.0,5.37,RU,1638131555.0,546105.0
95,104,Kiunga,141.2906,-6.1219,74.01,99.0,82.0,0.43,PG,1638131557.0,2093846.0
96,105,Mayor Pablo Lagerenza,-60.7718,-19.9309,80.2,75.0,100.0,15.21,PY,1638131558.0,3867427.0
97,106,Torbay,-52.7314,47.6666,45.37,70.0,75.0,13.8,CA,1638131559.0,6167817.0
98,107,Faya,42.4509,18.3851,57.31,38.0,0.0,5.26,SA,1638131561.0,110690.0
99,108,Strezhevoy,77.5889,60.7333,17.58,96.0,100.0,5.73,RU,1638131562.0,1490796.0
100,109,Tocopilla,-70.1979,-22.092,67.35,70.0,39.0,6.8,CL,1638131564.0,3869716.0
101,111,Cascais,-9.4215,38.6979,56.55,94.0,75.0,10.36,PT,1638131566.0,2269594.0
102,112,Vostok,135.8833,46.4856,18.46,89.0,97.0,5.21,RU,1638131568.0,2013279.0
103,114,Port Elizabeth,25.5701,-33.918,66.49,72.0,0.0,24.16,ZA,1638131456.0,964420.0
104,115,Ejido,-71.2375,8.5514,73.18,88.0,92.0,3.13,VE,1638131572.0,3644417.0
105,116,Santa Isabel Rio Negro,-65.0192,-0.4139,83.35,78.0,100.0,3.09,BR,1638131573.0,3662489.0
106,117,The Valley,-63.0578,18.217,85.86,74.0,20.0,9.22,AI,1638131574.0,3573374.0
107,119,Shingū,135.9833,33.7333,43.18,70.0,0.0,5.08,JP,1638131577.0,1847947.0
108,120,Pisco,-76.2167,-13.7,71.65,68.0,0.0,23.02,PE,1638131579.0,3932145.0
109,121,Ivanteyevka,37.9208,55.9711,37.74,98.0,100.0,2.84,RU,1638131580.0,555111.0
110,122,Puerto Morazán,-87.1717,12.8504,93.78,45.0,1.0,4.47,NI,1638131582.0,3617146.0
111,123,Nipawin,-104.0009,53.3668,23.04,74.0,90.0,5.75,CA,1638131583.0,6088469.0
112,125,Iranshahr,60.6848,27.2025,64.74,25.0,0.0,6.91,IR,1638131586.0,1160939.0
113,126,Foso,-1.2866,5.7012,75.2,94.0,97.0,3.89,GH,1638131588.0,2300883.0
114,127,Malakal,31.6605,9.5334,84.52,35.0,0.0,1.83,SS,1638131408.0,370737.0
115,128,Bredasdorp,20.0403,-34.5322,62.89,81.0,12.0,5.19,ZA,1638131590.0,1015776.0
116,129,Manyana,21.7167,-23.4,75.67,42.0,1.0,6.64,BW,1638131592.0,933416.0
117,130,Hithadhoo,73.0833,-0.6,81.37,75.0,66.0,17.43,MV,1638131594.0,1282256.0
118,131,Westport,-73.3579,41.1415,41.14,80.0,90.0,6.91,US,1638131449.0,4845585.0
119,132,Atuona,-139.0333,-9.8,78.33,74.0,1.0,18.88,PF,1638131298.0,4020109.0
120,133,Barrow,-156.7887,71.2906,-11.18,70.0,90.0,13.8,US,1638131307.0,5880054.0
121,134,Kieta,155.6333,-6.2167,81.52,78.0,100.0,1.68,PG,1638131599.0,2094027.0
122,135,Kavieng,150.7967,-2.5744,81.84,78.0,64.0,8.41,PG,1638131601.0,2094342.0
123,136,Riyadh,46.7219,24.6877,60.94,34.0,0.0,7.87,SA,1638131602.0,108410.0
124,137,Bogalusa,-89.8487,30.791,62.65,67.0,90.0,3.44,US,1638131603.0,4317412.0
125,138,Bambous Virieux,57.7575,-20.3428,73.65,83.0,20.0,3.44,MU,1638131493.0,1106677.0
126,139,Ulladulla,150.4667,-35.35,56.3,65.0,88.0,3.42,AU,1638131606.0,2145554.0
127,140,Lalibela,39.0333,12.0333,56.8,60.0,6.0,7.52,ET,1638131607.0,332288.0
128,141,Souillac,57.5167,-20.5167,73.78,83.0,20.0,3.44,MU,1638131609.0,933995.0
129,142,Kirakira,161.9205,-10.4544,83.16,77.0,86.0,6.89,SB,1638131610.0,2178753.0
130,143,Lawrenceburg,-84.8966,38.0373,52.27,46.0,1.0,11.5,US,1638131612.0,4297581.0
131,144,Boussé,-1.8922,12.6606,80.17,14.0,95.0,8.41,BF,1638131613.0,2361845.0
132,145,Mpika,31.4529,-11.8343,64.8,71.0,3.0,2.37,ZM,1638131615.0,905846.0
133,147,Chumikan,135.315,54.7183,1.85,89.0,100.0,5.95,RU,1638131617.0,2025256.0
134,148,Taksimo,114.8794,56.3444,-6.84,95.0,100.0,0.72,RU,1638131619.0,2015701.0
135,149,Cherskiy,161.3,68.75,-11.42,99.0,100.0,6.53,RU,1638131620.0,2126199.0
136,150,Lupşa,23.2,46.3667,49.51,84.0,100.0,7.16,RO,1638131621.0,674272.0
137,151,College,-147.8028,64.8569,-25.94,71.0,75.0,0.0,US,1638131623.0,5859699.0
138,152,Saint-Philippe,55.7679,-21.3585,76.55,83.0,42.0,3.65,RE,1638131613.0,935215.0
139,153,Corowa,146.3833,-36.0333,59.32,66.0,0.0,4.5,AU,1638131626.0,2170260.0
140,154,Presidencia Roque Sáenz Peña,-60.4388,-26.7852,78.78,64.0,32.0,11.92,AR,1638131627.0,3840300.0
141,155,Adiaké,-3.304,5.2863,78.39,83.0,85.0,7.18,CI,1638131628.0,2293428.0
142,156,Leningradskiy,178.4167,69.3833,-20.92,94.0,89.0,11.32,RU,1638131630.0,2123814.0
143,157,Hof,11.9167,50.3167,31.12,100.0,75.0,2.3,DE,1638131631.0,2902768.0
144,158,Bitung,125.1824,1.4451,76.05,82.0,100.0,4.23,ID,1638131633.0,1648636.0
145,159,Grindavik,-22.4338,63.8424,43.27,100.0,90.0,10.36,IS,1638131634.0,3416888.0
146,160,Ilulissat,-51.1,69.2167,17.62,53.0,100.0,2.3,GL,1638131627.0,3423146.0
147,161,Yulara,130.9889,-25.2406,57.04,51.0,0.0,3.44,AU,1638131591.0,6355222.0
148,162,Butaritari,172.7902,3.0707,81.61,78.0,86.0,13.18,KI,1638131638.0,2110227.0
149,163,São Filipe,-24.4956,14.8961,76.8,70.0,95.0,14.7,CV,1638131555.0,3374210.0
150,164,Zhigansk,123.3711,66.7697,-7.89,99.0,100.0,5.66,RU,1638131574.0,2012530.0
151,165,Nantucket,-70.0995,41.2835,42.91,75.0,90.0,6.91,US,1638131642.0,4944903.0
152,166,Lincoln,-96.667,40.8,53.98,43.0,1.0,10.36,US,1638131421.0,5072006.0
153,167,Ak-Dovurak,90.6,51.1833,8.67,84.0,12.0,1.5,RU,1638131644.0,1512064.0
154,168,Upernavik,-56.1549,72.7868,-9.53,80.0,8.0,11.07,GL,1638131545.0,3418910.0
155,169,Serdobsk,44.2169,52.4586,36.07,99.0,100.0,6.73,RU,1638131647.0,496934.0
156,170,Gigmoto,124.39,13.7796,80.08,88.0,96.0,9.64,PH,1638131648.0,1712961.0
157,171,Coquimbo,-71.3436,-29.9533,64.13,72.0,0.0,14.97,CL,1638131486.0,3893629.0
158,172,Ribeira Grande,-28.7,38.5167,59.4,72.0,20.0,6.91,PT,1638131382.0,3372707.0
159,173,Provideniya,-173.3,64.3833,-5.22,77.0,8.0,5.97,RU,1638131652.0,4031574.0
160,174,Quatre Cocos,57.7625,-20.2078,73.51,71.0,4.0,4.79,MU,1638131654.0,1106643.0
161,175,Bathsheba,-59.5167,13.2167,84.81,70.0,40.0,14.97,BB,1638131414.0,3374083.0
162,177,Anzio,12.6179,41.4853,53.06,63.0,96.0,23.69,IT,1638131658.0,6542092.0
163,178,Kaitangata,169.8464,-46.2817,58.39,50.0,100.0,6.93,NZ,1638131659.0,2208248.0
164,179,Cabo San Lucas,-109.9124,22.8909,79.9,65.0,90.0,0.0,MX,1638131660.0,3985710.0
165,180,Mujiayingzi,118.7833,42.1167,29.68,68.0,100.0,2.48,CN,1638131662.0,2035707.0
166,181,Bayjī,43.487,34.9311,60.42,46.0,33.0,3.13,IQ,1638131663.0,97783.0
167,182,Menongue,17.691,-14.6585,63.59,95.0,88.0,2.73,AO,1638131665.0,3347353.0
168,183,Kloulklubed,134.2556,7.0419,77.5,70.0,66.0,11.61,PW,1638131666.0,7671223.0
169,184,Marabu,114.0089,4.4148,75.34,94.0,40.0,4.61,MY,1638131668.0,1738050.0
170,185,Lagoa,-27.9833,39.05,60.39,55.0,63.0,1.9,PT,1638131669.0,3372964.0
171,186,Staryy Nadym,72.6842,65.6118,-8.88,96.0,100.0,8.19,RU,1638131670.0,1490918.0
172,187,Youghal,-7.8506,51.95,49.21,92.0,38.0,7.94,IE,1638131660.0,2960869.0
173,188,Hervey Bay,152.8535,-25.2986,71.71,87.0,52.0,14.18,AU,1638131638.0,2146219.0
174,189,Nikolayevsk-on-Amur,140.73,53.1406,20.16,96.0,100.0,1.59,RU,1638131674.0,2122850.0
175,190,Tiksi,128.8694,71.6872,-13.72,99.0,99.0,6.53,RU,1638131675.0,2015306.0
176,191,Pervomayskoye,46.7102,43.919,45.86,95.0,100.0,9.35,RU,1638131404.0,797213.0
177,192,Makkah al Mukarramah,39.8261,21.4267,78.94,55.0,0.0,2.15,SA,1638131648.0,104515.0
178,193,Lodja,23.4333,-3.4833,69.15,92.0,47.0,1.39,CD,1638131679.0,211647.0
179,194,Teguise,-13.564,29.0605,61.02,63.0,20.0,14.97,ES,1638131681.0,2510573.0
180,197,Oktyabr'skoye,44.7417,43.0645,30.34,100.0,98.0,4.47,RU,1638131685.0,515805.0
181,198,Shiyan,110.7781,32.6475,46.81,66.0,97.0,3.0,CN,1638131686.0,1794903.0
182,199,Lensk,114.9278,60.7253,4.1,98.0,100.0,2.66,RU,1638131590.0,2020838.0
183,200,Curup,102.5333,-3.4667,66.76,95.0,100.0,1.72,ID,1638131689.0,1645875.0
184,201,Djibo,-1.6306,14.1022,83.26,12.0,100.0,9.37,BF,1638131690.0,2361177.0
185,202,Ponta do Sol,-17.1,32.6667,63.23,77.0,51.0,8.61,PT,1638131691.0,2264557.0
186,203,Bereda,-7.5406,43.2686,49.75,96.0,100.0,6.4,ES,1638131693.0,3105522.0
187,204,Dimbokro,-4.7048,6.6451,78.28,80.0,57.0,4.76,CI,1638131694.0,2289983.0
188,206,Cape Town,18.4232,-33.9258,63.01,94.0,40.0,4.61,ZA,1638131697.0,3369157.0
189,207,Rovaniemi,25.7167,66.5,6.21,92.0,90.0,4.61,FI,1638131699.0,638936.0
190,208,Pittsfield,-73.2454,42.4501,31.15,74.0,90.0,6.91,US,1638131700.0,4947459.0
191,209,Berlevåg,29.0864,70.8578,10.35,72.0,36.0,31.07,NO,1638131701.0,780687.0
192,210,Bakchar,82.0711,57.0186,14.43,97.0,100.0,5.95,RU,1638131703.0,1511057.0
193,211,Hamilton,-84.5333,39.1834,47.25,42.0,1.0,13.8,US,1638131233.0,4513583.0
194,212,Baringo,35.9667,0.4667,70.34,75.0,69.0,1.79,KE,1638131706.0,200575.0
195,213,Sisimiut,-53.6735,66.9395,31.44,86.0,100.0,10.56,GL,1638131707.0,3419842.0
196,214,Alta Floresta,-56.0861,-9.8756,89.42,62.0,20.0,5.75,BR,1638131658.0,6316343.0
197,215,Pokrovo-Prigorodnoye,41.4175,52.6841,39.02,98.0,100.0,6.62,RU,1638131710.0,507479.0
198,216,Guerrero Negro,-114.0611,27.9769,78.13,34.0,0.0,8.57,MX,1638131711.0,4021858.0
199,217,Uruguaiana,-57.0883,-29.7547,76.93,73.0,40.0,19.57,BR,1638131626.0,3445679.0
200,218,Korbous,10.5687,36.8167,52.14,70.0,61.0,24.92,TN,1638131714.0,2467914.0
201,219,Savannah Bight,-85.85,16.45,82.45,68.0,59.0,7.0,HN,1638131715.0,3601402.0
202,220,Ugoofaaru,73.0,5.6667,80.02,80.0,99.0,12.88,MV,1638131717.0,1337619.0
203,221,Grand Gaube,57.6608,-20.0064,73.8,70.0,6.0,7.23,MU,1638131718.0,934479.0
204,222,Dhārchula,80.5333,29.85,50.36,28.0,0.0,7.02,IN,1638131719.0,1272864.0
205,223,Pekan,103.3996,3.4836,75.31,92.0,100.0,3.11,MY,1638131721.0,1734971.0
206,224,East London,27.9116,-33.0153,69.12,74.0,26.0,5.84,ZA,1638131471.0,1006984.0
207,225,Phalaborwa,31.1411,-23.943,76.28,53.0,45.0,3.29,ZA,1638131723.0,965528.0
208,226,Okhotsk,143.3,59.3833,-6.93,85.0,10.0,18.57,RU,1638131725.0,2122605.0
209,227,Los Llanos de Aridane,-17.9182,28.6585,60.55,77.0,75.0,19.57,ES,1638131726.0,2514651.0
210,228,Klaksvík,-6.589,62.2266,36.52,63.0,100.0,7.56,FO,1638131585.0,2618795.0
211,229,Vega de Alatorre,-96.6333,20.0333,75.81,77.0,99.0,12.68,MX,1638131729.0,3514843.0
212,230,Nome,-165.4064,64.5011,-21.93,76.0,1.0,3.44,US,1638131730.0,5870133.0
213,231,Fortuna,-124.1573,40.5982,53.94,100.0,90.0,0.0,US,1638131489.0,5563839.0
214,232,Hoima,31.3436,1.4356,64.8,94.0,65.0,2.37,UG,1638131733.0,233312.0
215,233,Katsuura,140.3,35.1333,44.71,56.0,5.0,2.06,JP,1638131695.0,2112309.0
216,234,Portland,-122.6762,45.5234,62.58,69.0,75.0,14.97,US,1638131706.0,5746545.0
217,235,Lompoc,-120.4579,34.6391,79.11,18.0,1.0,5.75,US,1638131488.0,5367788.0
218,236,Yangi Marg`ilon,71.7189,40.4272,33.22,80.0,33.0,4.61,UZ,1638131738.0,1513491.0
219,237,St. George's,-61.7485,12.0564,85.68,74.0,40.0,19.57,GD,1638131739.0,3579925.0
220,238,Kamina,24.9906,-8.7386,64.81,94.0,45.0,3.0,CD,1638131741.0,214614.0
221,239,Hobyo,48.5268,5.3505,81.54,76.0,42.0,15.14,SO,1638131742.0,57000.0
222,240,Egvekinot,-179.1667,66.3167,-6.0,98.0,100.0,1.21,RU,1638131713.0,4031742.0
223,241,Yining,114.5636,29.0361,49.78,91.0,11.0,0.72,CN,1638131745.0,1786538.0
224,242,Codrington,141.9667,-38.2667,54.66,77.0,1.0,8.21,AU,1638131746.0,2171099.0
225,243,Dunedin,170.5036,-45.8742,60.78,53.0,71.0,2.57,NZ,1638131748.0,2191562.0
226,245,Mayya,130.2811,61.7333,-4.68,96.0,100.0,6.51,RU,1638131670.0,2020121.0
227,246,Esperance,121.9,-33.8667,64.24,89.0,95.0,16.08,AU,1638131661.0,2071860.0
228,247,Nicoya,-85.452,10.1483,87.35,71.0,56.0,11.03,CR,1638131753.0,3622716.0
229,248,Ligayan,119.4706,4.6533,82.89,77.0,100.0,11.12,PH,1638131754.0,1706466.0
230,249,Hualmay,-77.6139,-11.0964,70.07,75.0,76.0,10.49,PE,1638131474.0,3939761.0
231,250,Cortez,-108.5859,37.3489,50.76,30.0,1.0,8.05,US,1638131757.0,5418104.0
232,251,Camacha,-16.3333,33.0833,60.22,67.0,40.0,9.22,PT,1638131758.0,2270385.0
233,252,Nioro,-15.75,13.35,86.61,22.0,31.0,12.55,GM,1638131499.0,2412408.0
234,253,Fukuechō,128.8419,32.6881,56.46,59.0,11.0,2.73,JP,1638131761.0,1863997.0
235,254,Northam,-4.2167,51.0333,38.82,71.0,72.0,20.6,GB,1638131762.0,2641434.0
236,255,Mehamn,27.8492,71.0357,14.18,78.0,36.0,17.27,NO,1638131763.0,778707.0
237,256,Namwala,26.4384,-15.7504,73.87,45.0,54.0,7.0,ZM,1638131765.0,901766.0
238,258,High Level,-117.136,58.5169,14.11,92.0,75.0,2.3,CA,1638131719.0,5975004.0
239,259,Iqaluit,-68.5145,63.7506,24.53,68.0,90.0,11.5,CA,1638131768.0,5983720.0
240,260,Shahr-e Bābak,55.1186,30.1165,51.57,43.0,100.0,6.29,IR,1638131770.0,115781.0
241,261,Ixtapa,-105.2,20.7,81.63,61.0,20.0,11.5,MX,1638131771.0,4004293.0
242,262,Albania,20.0,41.0,60.19,95.0,100.0,9.95,AL,1638131773.0,783754.0
243,263,San Policarpo,125.5072,12.1791,80.49,83.0,100.0,11.36,PH,1638131774.0,1688696.0
244,264,Tevaitoa,-151.5,-16.7833,81.36,75.0,100.0,11.9,PF,1638131776.0,4033375.0
245,265,Parintins,-56.7358,-2.6283,85.48,61.0,94.0,2.55,BR,1638131777.0,3393008.0
246,266,Severo-Kuril'sk,156.125,50.6789,32.68,93.0,100.0,11.95,RU,1638131778.0,2121385.0
247,267,Paso de los Toros,-56.5167,-32.8167,65.89,94.0,99.0,14.76,UY,1638131780.0,3441273.0
248,268,Muros,-9.0603,42.7762,52.3,82.0,77.0,13.85,ES,1638131781.0,3115824.0
249,269,Half Moon Bay,-122.4286,37.4636,66.38,65.0,1.0,0.0,US,1638131721.0,5354943.0
250,270,Ipameri,-48.1597,-17.7219,75.58,76.0,55.0,10.18,BR,1638131784.0,3461151.0
251,271,Adrar,-10.0711,20.5022,62.19,32.0,0.0,11.25,MR,1638131769.0,2381972.0
252,272,Saint Paul Harbor,-152.4072,57.79,8.11,56.0,1.0,5.75,US,1638131786.0,5866583.0
253,273,Bara,10.7288,10.3744,75.42,20.0,65.0,4.83,NG,1638131788.0,2347758.0
254,274,Castro,-50.0119,-24.7911,75.43,60.0,85.0,3.74,BR,1638131789.0,3466704.0
255,275,Teya,92.6267,60.3778,12.58,88.0,92.0,10.04,RU,1638131791.0,1489656.0
256,276,Mae Sot,98.5667,16.7167,65.14,87.0,98.0,2.84,TH,1638131792.0,1152188.0
257,277,Khandyga,135.6,62.6667,-16.1,100.0,100.0,1.01,RU,1638131794.0,2022773.0
258,278,Cockburn Town,-71.1419,21.4612,80.56,65.0,40.0,8.05,TC,1638131709.0,3576994.0
259,279,Berkakit,124.7681,56.5807,-22.58,100.0,78.0,0.65,RU,1638131796.0,2026777.0
260,280,Tianpeng,103.9393,30.9866,52.27,78.0,100.0,2.57,CN,1638131798.0,1792916.0
261,282,Şırnak,42.4594,37.5228,43.59,75.0,18.0,4.61,TR,1638131800.0,300640.0
262,284,Ancud,-73.8203,-41.8697,58.53,69.0,73.0,9.15,CL,1638131575.0,3899695.0
263,285,Mnogovershinnyy,139.9242,53.9353,16.02,95.0,100.0,3.6,RU,1638131804.0,2019935.0
264,286,Chui,-53.4616,-33.6971,66.07,96.0,100.0,4.14,UY,1638131806.0,3443061.0
265,287,Sabha,14.4283,27.0377,74.84,19.0,100.0,11.59,LY,1638131807.0,2212775.0
266,288,Laas,10.7002,46.6166,31.08,94.0,100.0,6.78,IT,1638131808.0,3175096.0
267,289,Skrunda,22.0167,56.6833,33.46,93.0,100.0,4.52,LV,1638131810.0,455520.0
268,290,Igarka,86.5833,67.4667,-17.91,100.0,94.0,4.63,RU,1638131812.0,1505991.0
269,291,Chokurdakh,147.9167,70.6333,-39.03,100.0,79.0,0.58,RU,1638131813.0,2126123.0
270,292,Udachny,112.4,66.4167,-21.68,97.0,96.0,2.53,RU,1638131814.0,2014624.0
271,293,São José da Coroa Grande,-35.1478,-8.8978,80.44,80.0,40.0,13.62,BR,1638131816.0,3388456.0
272,295,Bar Harbor,-68.2039,44.3876,32.14,59.0,1.0,3.44,US,1638131772.0,4957320.0
273,297,Tessalit,1.0114,20.1986,76.86,25.0,100.0,8.41,ML,1638131821.0,2449893.0
274,298,Sibu,111.8167,2.3,73.71,94.0,40.0,3.44,MY,1638131822.0,1735902.0
275,299,Igrim,64.4162,63.1906,22.98,96.0,100.0,7.72,RU,1638131796.0,1505965.0
276,300,Ozernovskiy,156.5167,51.5,27.48,76.0,36.0,3.71,RU,1638131825.0,2122293.0
277,301,Buala,159.5921,-8.145,82.69,78.0,79.0,7.11,SB,1638131826.0,2109528.0
278,302,Yate,-2.4184,51.5407,40.28,96.0,91.0,7.78,GB,1638131828.0,2633406.0
279,303,Vieux Fort,-60.95,13.7167,85.32,70.0,40.0,17.27,LC,1638131829.0,3576414.0
280,304,Kenora,-94.4337,49.8167,26.58,74.0,75.0,2.3,CA,1638131831.0,5991056.0
281,305,Scarborough,-0.4044,54.2797,35.17,72.0,50.0,13.11,GB,1638131694.0,2638419.0
282,306,Aykhal,111.5,66.0,-13.05,97.0,100.0,3.56,RU,1638131834.0,2027296.0
283,307,Arraial do Cabo,-42.0278,-22.9661,78.76,83.0,20.0,6.91,BR,1638131835.0,3471451.0
284,308,Malatya Province,38.0,38.5,39.25,100.0,49.0,2.3,TR,1638131837.0,304919.0
285,309,Snåase,12.3778,64.2457,11.61,94.0,52.0,3.71,NO,1638131838.0,3138076.0
286,310,Balkanabat,54.3671,39.5108,54.25,40.0,10.0,3.76,TM,1638131839.0,161616.0
287,311,Sangar,127.4739,63.9242,-7.26,99.0,100.0,1.07,RU,1638131841.0,2017215.0
288,312,Povenets,34.8262,62.8487,18.52,87.0,100.0,9.06,RU,1638131842.0,505820.0
289,313,Sabang,95.3214,5.8933,80.42,73.0,99.0,3.29,ID,1638131844.0,1214026.0
290,314,Dikson,80.5464,73.5069,-15.25,100.0,100.0,11.92,RU,1638131581.0,1507390.0
291,315,Vágur,-6.8119,61.4732,38.64,89.0,100.0,10.71,FO,1638131846.0,2610806.0
292,316,Atambua,124.8925,-9.1061,74.55,82.0,100.0,2.46,ID,1638131684.0,1651103.0
293,317,Luganville,167.1667,-15.5333,82.18,75.0,5.0,4.94,VU,1638131849.0,2136150.0
294,319,Mīnāb,57.0801,27.1467,71.1,79.0,3.0,2.46,IR,1638131851.0,123941.0
295,320,Cidreira,-50.2056,-30.1811,72.3,87.0,100.0,8.61,BR,1638131853.0,3466165.0
296,321,Pangnirtung,-65.7125,66.1451,24.8,58.0,75.0,18.41,CA,1638131854.0,6096551.0
297,322,Betong,101.0723,5.7743,70.77,99.0,100.0,1.14,TH,1638131856.0,1611635.0
298,323,El Salvador,-88.9167,13.8333,84.24,38.0,78.0,1.32,SV,1638131857.0,3585968.0
299,324,Guaraniaçu,-52.8781,-25.1008,68.86,95.0,94.0,12.73,BR,1638131859.0,3461892.0
300,325,Kampong Chhnang,104.55,12.1667,73.76,85.0,100.0,9.44,KH,1638131860.0,1831166.0
301,326,Jutaí,-68.9,-5.1833,80.65,82.0,100.0,2.55,BR,1638131862.0,3663693.0
302,327,São João do Piauí,-42.2467,-8.3581,82.78,63.0,100.0,4.23,BR,1638131863.0,3388618.0
303,328,Pacific Grove,-121.9166,36.6177,73.51,35.0,1.0,5.75,US,1638131780.0,5380437.0
304,329,Barcelona,2.159,41.3888,44.11,61.0,20.0,14.97,ES,1638131857.0,3128760.0
305,330,Djibouti,42.5,11.5,76.42,63.0,0.0,10.0,DJ,1638131867.0,223816.0
306,331,Cayenne,-52.3333,4.9333,78.84,94.0,40.0,2.3,GF,1638131631.0,3382160.0
307,332,Toktogul,72.9402,41.8708,30.34,37.0,64.0,3.85,KG,1638131870.0,1538648.0
308,333,Candolim,73.7626,15.5181,77.94,76.0,100.0,8.46,IN,1638131871.0,1274989.0
309,334,Lüderitz,15.1594,-26.6481,61.3,84.0,8.0,8.93,NA,1638131873.0,3355672.0
310,335,Sayyan,44.3244,15.1718,49.41,45.0,0.0,4.68,YE,1638131874.0,70979.0
311,337,Innisfail,146.0333,-17.5333,79.34,81.0,14.0,2.33,AU,1638131877.0,2162683.0
312,338,Manado,124.8455,1.487,75.97,94.0,40.0,2.3,ID,1638131878.0,1636544.0
313,340,Kodinsk,99.1844,58.6881,21.88,94.0,100.0,9.66,RU,1638131881.0,1503037.0
314,341,Dicabisagan,122.4157,17.0818,76.05,93.0,93.0,0.25,PH,1638131882.0,1715015.0
315,342,Abu Samrah,37.1841,35.3029,60.57,57.0,5.0,6.4,SY,1638131884.0,172515.0
316,343,Katobu,122.5276,-4.9408,75.25,93.0,100.0,2.01,ID,1638131885.0,1640972.0
317,344,São João da Barra,-41.0511,-21.6403,73.49,94.0,93.0,9.46,BR,1638131886.0,3448903.0
318,345,Bay Roberts,-53.2648,47.5999,46.15,74.0,76.0,12.93,CA,1638131888.0,5895424.0
319,346,Nichinan,131.3667,31.6,50.76,77.0,47.0,6.87,JP,1638131890.0,1855476.0
320,347,Mitsamiouli,43.2844,-11.3847,79.68,81.0,8.0,7.9,KM,1638131891.0,921786.0
321,348,Mulanje,35.5,-16.0316,68.16,70.0,0.0,4.97,MW,1638131892.0,925789.0
322,349,Faanui,-151.75,-16.4833,81.41,74.0,98.0,11.27,PF,1638131694.0,4034551.0
323,350,Dwārka,68.9678,22.2394,77.72,52.0,56.0,12.17,IN,1638131895.0,1272140.0
324,351,Atar,-13.0499,20.5169,65.23,35.0,3.0,11.27,MR,1638131897.0,2381334.0
325,352,Yenagoa,6.2642,4.9247,77.16,92.0,96.0,4.56,NG,1638131898.0,2318123.0
326,353,Karymskoye,114.35,51.6167,7.27,89.0,100.0,2.28,RU,1638131899.0,2023094.0
327,354,Morros,-46.3003,-9.4467,78.44,77.0,99.0,5.39,BR,1638131901.0,3394372.0
328,355,Maţāy,30.7792,28.419,73.81,24.0,72.0,7.72,EG,1638131902.0,352628.0
329,356,Pevek,170.3133,69.7008,1.9,89.0,100.0,1.79,RU,1638131904.0,2122090.0
330,357,Usinsk,57.5281,65.9939,12.27,95.0,100.0,13.15,RU,1638131905.0,863061.0
331,358,Port Hardy,-127.4199,50.6996,50.18,93.0,75.0,4.61,CA,1638131907.0,6111862.0
332,359,Haines Junction,-137.5108,60.7522,-3.95,97.0,100.0,1.23,CA,1638131908.0,5969025.0
333,360,Agadez,10.25,19.75,75.07,18.0,5.0,5.93,NE,1638131910.0,2448083.0
334,361,Kapit,112.9333,2.0167,71.62,99.0,92.0,1.28,MY,1638131911.0,1737185.0
335,362,Kumul,93.45,42.8,24.67,56.0,0.0,4.38,CN,1638131913.0,1529484.0
336,363,Vardø,31.1107,70.3705,17.58,86.0,75.0,16.11,NO,1638131914.0,777019.0
337,365,Hambantota,81.1185,6.1241,76.66,89.0,99.0,5.93,LK,1638131917.0,1244926.0
338,366,Vao,167.4833,-22.6667,75.92,88.0,22.0,21.56,NC,1638131633.0,2137773.0
339,367,Luwuk,122.7875,-0.9516,77.07,84.0,100.0,3.85,ID,1638131920.0,1637001.0
340,368,Nanortalik,-45.2371,60.1432,41.18,93.0,100.0,13.42,GL,1638131921.0,3421765.0
341,369,Biała Podlaska,23.1165,52.0324,37.9,96.0,100.0,9.04,PL,1638131923.0,776175.0
342,370,Kysyl-Syr,122.7617,63.8986,-12.41,100.0,94.0,3.44,RU,1638131924.0,2021017.0
343,371,Sivaki,126.75,52.6333,2.35,81.0,0.0,8.19,RU,1638131926.0,2016477.0
344,373,Valle de Allende,-105.4,26.9333,60.96,40.0,38.0,7.67,MX,1638131929.0,3980627.0
345,374,Ucluelet,-125.5528,48.9329,52.11,94.0,100.0,4.21,CA,1638131747.0,6171633.0
346,376,Poso,120.7524,-1.3959,75.92,92.0,100.0,3.65,ID,1638131933.0,1630723.0
347,377,Salalah,54.0924,17.0151,75.29,73.0,0.0,4.61,OM,1638131934.0,286621.0
348,378,Flinders,150.8552,-34.5833,56.48,69.0,64.0,3.22,AU,1638131770.0,6255012.0
349,379,Kathu,98.3332,7.9178,75.02,78.0,99.0,8.32,TH,1638131937.0,1153035.0
350,380,Pampas,-74.9,-12.4,59.02,64.0,93.0,6.64,PE,1638131938.0,3933185.0
351,381,Grenville,-61.6167,12.1167,86.05,74.0,41.0,14.61,GD,1638131940.0,3580236.0
352,382,Palana,159.9667,59.1167,11.55,94.0,100.0,8.03,RU,1638131941.0,2122262.0
353,383,Mount Gambier,140.7667,-37.8333,49.91,93.0,0.0,8.05,AU,1638131943.0,2156643.0
354,384,Tura,90.2201,25.5198,59.22,62.0,5.0,3.49,IN,1638131708.0,1254046.0
355,385,Tongchuanshi,109.0897,35.0806,39.22,65.0,100.0,15.9,CN,1638131945.0,1795196.0
356,386,Belaya Gora,146.4167,68.5333,-20.83,99.0,100.0,1.63,RU,1638131947.0,2126785.0
357,387,Verkhoyansk,133.385,67.5447,-20.15,100.0,97.0,1.32,RU,1638131948.0,2013465.0
358,388,Mongo,18.693,12.1844,78.8,15.0,22.0,3.91,TD,1638131950.0,2427637.0
359,389,Alvarães,-64.8042,-3.2208,91.27,94.0,98.0,2.51,BR,1638131951.0,3665380.0
360,390,Kavaratti,72.642,10.5669,81.0,78.0,98.0,15.66,IN,1638131928.0,1267390.0
361,391,Jalu,21.5482,29.0331,75.81,21.0,100.0,11.77,LY,1638131954.0,86049.0
362,392,Nsanje,35.262,-16.92,70.05,73.0,0.0,2.77,MW,1638131955.0,924572.0
363,393,Camiri,-63.5167,-20.05,73.18,73.0,90.0,6.91,BO,1638131957.0,3922414.0
364,394,Barcelos,-8.6151,41.5388,53.74,92.0,70.0,5.86,PT,1638131958.0,2742416.0
365,395,Tuatapere,167.6833,-46.1333,58.75,46.0,22.0,3.49,NZ,1638131960.0,2180815.0
366,396,Kahului,-156.47,20.8947,80.62,61.0,20.0,18.41,US,1638131961.0,5847411.0
367,397,Yambio,28.3955,4.5721,71.08,81.0,57.0,5.01,SS,1638131962.0,363656.0
368,398,Herat Province,62.0,34.5,50.59,48.0,97.0,6.8,AF,1638131964.0,1140025.0
369,399,Ballina,153.5667,-28.8667,68.18,94.0,75.0,8.05,AU,1638131965.0,2177069.0
370,400,Marivan,46.176,35.5219,48.13,66.0,77.0,4.52,IR,1638131967.0,97572.0
371,401,Moyale,39.0584,3.5167,68.95,82.0,100.0,2.91,KE,1638131968.0,186180.0
372,402,Touros,-35.4608,-5.1989,85.1,77.0,53.0,10.87,BR,1638131970.0,3386213.0
373,403,Nuuk,-51.7216,64.1835,41.61,100.0,75.0,5.75,GL,1638131971.0,3421319.0
374,404,Monrovia,-10.7969,6.3005,78.57,76.0,11.0,7.72,LR,1638131972.0,2274895.0
375,406,Kangaatsiaq,-53.4641,68.3065,20.79,65.0,100.0,25.19,GL,1638131975.0,3422683.0
376,407,Ankara,32.8543,39.9199,49.12,86.0,0.0,2.3,TR,1638131977.0,323786.0
377,408,Manzhouli,117.4333,49.6,2.44,91.0,9.0,6.49,CN,1638131978.0,2035836.0
378,409,Rio Grande,-52.0986,-32.035,77.11,88.0,100.0,11.92,BR,1638131979.0,3451138.0
379,410,Clearwater,-82.8001,27.9659,69.78,42.0,1.0,10.65,US,1638131809.0,4151316.0
380,411,Ilmajoki,22.5667,62.7333,2.79,85.0,0.0,1.14,FI,1638131982.0,656739.0
381,412,Santa Marta,-74.199,11.2408,83.3,76.0,75.0,12.71,CO,1638131822.0,3668605.0
382,413,Avera,-82.5271,33.194,60.67,34.0,87.0,9.8,US,1638131985.0,4231997.0
383,414,Pemba,40.5178,-12.974,79.14,72.0,60.0,13.0,MZ,1638131986.0,1028918.0
384,415,Naze,129.4833,28.3667,63.79,66.0,100.0,15.14,JP,1638131718.0,1855540.0
385,416,Qandala,49.8728,11.472,77.81,57.0,65.0,4.0,SO,1638131989.0,53157.0
386,417,Ambulu,113.6058,-8.345,73.31,90.0,100.0,3.27,ID,1638131990.0,1621313.0
387,418,Antalaha,50.2788,-14.9003,74.21,90.0,71.0,6.8,MG,1638131991.0,1071296.0
388,419,Puerto del Rosario,-13.8627,28.5004,65.95,59.0,20.0,21.85,ES,1638131993.0,2512186.0
389,422,Calabozo,-67.4293,8.9242,88.84,48.0,100.0,6.4,VE,1638131997.0,3647444.0
390,423,Meulaboh,96.1285,4.1363,74.34,91.0,100.0,4.52,ID,1638131827.0,1214488.0
391,424,Safford,-109.7076,32.834,67.12,24.0,1.0,5.75,US,1638131999.0,5312476.0
392,425,Lodwar,35.5973,3.1191,82.08,56.0,93.0,13.58,KE,1638132001.0,189280.0
393,426,Oranjestad,-70.027,12.524,84.15,74.0,75.0,16.11,AW,1638132002.0,3577154.0
394,427,Çermik,39.4493,38.1361,52.29,92.0,43.0,2.71,TR,1638132004.0,318766.0
395,428,Henties Bay,14.2845,-22.116,60.13,91.0,0.0,7.81,NA,1638132005.0,3356832.0
396,429,Pangani,38.9667,-5.4333,75.61,89.0,52.0,6.02,TZ,1638132007.0,150793.0
397,432,San Patricio,-97.5169,28.017,72.01,62.0,100.0,10.16,US,1638132011.0,4726521.0
398,433,Dingle,122.6711,10.9995,75.07,94.0,48.0,7.16,PH,1638132012.0,1714733.0
399,435,Sørland,12.6934,67.667,31.86,60.0,100.0,14.76,NO,1638132015.0,3137469.0
400,436,Kayes,-11.0,14.0,88.27,17.0,6.0,6.82,ML,1638132016.0,2455517.0
401,437,Quetigny,5.1167,47.3167,37.35,87.0,90.0,10.36,FR,1638132018.0,2984775.0
402,438,São Caetano de Odivelas,-48.02,-0.75,79.29,84.0,100.0,7.7,BR,1638132019.0,3388926.0
403,439,Calatayud,-1.6432,41.3535,52.38,85.0,99.0,20.67,ES,1638131914.0,3127047.0
404,440,Bucerías,-105.3333,20.75,82.38,61.0,20.0,11.5,MX,1638131991.0,4016734.0
405,441,Urucará,-57.76,-2.5364,83.64,69.0,100.0,1.54,BR,1638132023.0,3385670.0
406,442,Praia,-23.5087,14.9215,75.74,69.0,40.0,24.16,CV,1638131745.0,3374333.0
407,443,Ust-Maya,134.5333,60.4167,-3.03,98.0,100.0,4.85,RU,1638132025.0,2013918.0
408,444,Keetmanshoop,18.1333,-26.5833,73.85,14.0,27.0,8.48,NA,1638132027.0,3356264.0
409,445,Bud,-86.1758,39.447,44.69,43.0,22.0,15.03,US,1638132028.0,4255151.0
410,446,Rørvik,11.2373,64.8621,21.31,73.0,0.0,12.66,NO,1638132030.0,3141310.0
411,447,Caravelas,-39.2481,-17.7125,74.3,96.0,56.0,14.63,BR,1638131842.0,3466980.0
412,448,Hobe Sound,-80.1364,27.0595,76.95,46.0,1.0,9.22,US,1638132032.0,4158758.0
413,449,Tautira,-149.15,-17.7333,84.22,80.0,90.0,18.66,PF,1638132034.0,4033557.0
414,450,Lanzhou,103.7922,36.0564,25.88,84.0,100.0,4.23,CN,1638132035.0,1804430.0
415,451,Geraldton,114.6,-28.7667,68.41,88.0,90.0,8.05,AU,1638132037.0,2070998.0
416,452,Río Cuarto,-64.3499,-33.1307,74.97,38.0,20.0,17.27,AR,1638132038.0,3838874.0
417,453,Ostrovnoy,39.5131,68.0531,15.76,84.0,100.0,8.37,RU,1638132040.0,556268.0
418,454,Hofn,-15.2082,64.2539,31.17,97.0,100.0,9.8,IS,1638131742.0,2630299.0
419,455,Chake Chake,39.7666,-5.2459,78.01,81.0,42.0,5.57,TZ,1638132042.0,160677.0
420,456,Sioux Lookout,-91.917,50.1001,23.38,68.0,90.0,9.22,CA,1638132044.0,6148373.0
421,457,Sonoita,-112.8333,31.85,79.3,17.0,0.0,5.14,MX,1638132045.0,3982837.0
422,458,Baft,56.6057,29.234,46.9,50.0,100.0,6.46,IR,1638132047.0,390054.0
423,459,Togur,82.8265,58.3631,24.94,95.0,100.0,7.94,RU,1638131915.0,1489499.0
424,460,Sarkand,79.9186,45.41,28.83,58.0,0.0,7.83,KZ,1638132049.0,1519691.0
425,461,Øksfjord,22.3479,70.2396,17.78,79.0,96.0,12.73,NO,1638132051.0,778362.0
426,462,Kushālgarh,74.4507,23.199,67.86,42.0,100.0,5.32,IN,1638132052.0,1265452.0
427,463,Qujing,103.7833,25.4833,50.22,91.0,85.0,7.07,CN,1638132053.0,1797318.0
428,464,Babynino,35.73,54.39,33.55,91.0,100.0,6.8,RU,1638132055.0,579838.0
429,465,Wasilla,-149.4394,61.5814,0.52,79.0,1.0,3.44,US,1638132056.0,5877641.0
430,466,La Ronge,-105.2842,55.1001,25.05,58.0,90.0,12.66,CA,1638132058.0,6050066.0
431,468,Kashgar,75.9797,39.4547,27.61,46.0,0.0,4.47,CN,1638132060.0,1280849.0
432,469,Necochea,-58.7368,-38.5473,63.57,86.0,100.0,12.84,AR,1638132062.0,3430443.0
433,470,Vilyuysk,121.6247,63.7553,-12.06,99.0,95.0,4.74,RU,1638132063.0,2013392.0
434,471,Bowen,148.2333,-20.0167,73.62,77.0,99.0,10.4,AU,1638132064.0,2174444.0
435,472,Kasongo-Lunda,16.8167,-6.4667,68.97,97.0,99.0,0.94,CD,1638132066.0,2315026.0
436,473,Mayumba,10.6554,-3.432,77.72,91.0,53.0,6.6,GA,1638132067.0,2399001.0
437,474,Flin Flon,-101.865,54.7682,15.64,73.0,90.0,5.75,CA,1638132069.0,5954718.0
438,475,Manggar,108.2667,-2.8833,78.84,85.0,100.0,10.76,ID,1638132070.0,1636426.0
439,476,Bandarbeyla,50.8122,9.4942,77.7,75.0,36.0,18.81,SO,1638131929.0,64814.0
440,477,Rypefjord,23.6667,70.6333,17.35,67.0,0.0,12.66,NO,1638132073.0,847634.0
441,478,Nemuro,145.575,43.3236,41.85,70.0,6.0,11.43,JP,1638132074.0,2128975.0
442,479,Asău,26.4,46.4333,41.92,72.0,100.0,4.79,RO,1638132076.0,686090.0
443,480,Remich,6.3669,49.545,36.14,86.0,75.0,8.05,LU,1638132077.0,2960154.0
444,481,Itoman,127.6694,26.1247,70.57,73.0,75.0,13.8,JP,1638132078.0,1861280.0
445,482,Neuquén,-68.0591,-38.9516,84.09,17.0,0.0,8.05,AR,1638131981.0,3843123.0
446,483,Leopold,144.4667,-38.1833,52.32,93.0,0.0,4.61,AU,1638132081.0,2160336.0
447,484,Isangel,169.2667,-19.55,81.21,75.0,100.0,7.25,VU,1638131822.0,2136825.0
448,485,Teseney,36.6575,15.11,82.35,42.0,1.0,12.86,ER,1638132084.0,327651.0
449,487,Tiarei,-149.3333,-17.5333,84.22,79.0,74.0,16.2,PF,1638132086.0,4033356.0
450,488,Mayo,-76.5119,38.8876,57.24,57.0,60.0,2.08,US,1638132088.0,4362001.0
451,489,San Cristobal,-72.225,7.7669,78.98,58.0,57.0,2.3,VE,1638132089.0,3628473.0
452,490,Brooks,-111.8851,50.5834,59.63,53.0,95.0,1.14,CA,1638132091.0,5909514.0
453,491,Moissac,1.0945,44.1024,41.95,83.0,6.0,7.23,FR,1638132092.0,2993586.0
454,492,Slantsy,28.0914,59.1182,22.69,94.0,92.0,5.91,RU,1638132093.0,492162.0
455,493,Gamba,10.0,-2.65,77.09,89.0,57.0,7.2,GA,1638132095.0,2400547.0
456,494,Kiryat Gat,34.7642,31.61,63.28,39.0,20.0,0.47,IL,1638132096.0,293842.0
457,495,Atherton,-2.4935,53.5237,31.55,83.0,37.0,3.74,GB,1638132098.0,2656847.0
458,496,Arlit,7.3853,18.7369,77.99,14.0,17.0,9.1,NE,1638132099.0,2447513.0
459,497,Jizan,42.6667,17.3333,81.54,66.0,1.0,3.91,SA,1638132101.0,105298.0
460,498,Devils Lake,-98.8651,48.1128,33.78,55.0,90.0,10.36,US,1638132102.0,5058868.0
461,499,Newport,-2.9984,51.5877,41.0,86.0,66.0,15.1,GB,1638132104.0,2641598.0
462,501,Araouane,-3.5265,18.9048,73.29,24.0,5.0,11.41,ML,1638131993.0,2460954.0
463,502,Taungdwingyi,95.55,20.0167,68.0,78.0,11.0,4.52,MM,1638132107.0,1294041.0
464,503,Maragogi,-35.2225,-9.0122,80.35,81.0,34.0,13.65,BR,1638131851.0,3395458.0
465,504,Hokitika,170.9667,-42.7167,65.16,75.0,99.0,1.77,NZ,1638132110.0,2206894.0
466,505,Mariental,17.9667,-24.6333,73.45,5.0,0.0,10.27,NA,1638132112.0,3355595.0
467,506,Te Anau,167.7167,-45.4167,58.91,47.0,22.0,0.81,NZ,1638132113.0,2181625.0
468,507,Escanaba,-87.0646,45.7453,35.91,55.0,90.0,6.91,US,1638132114.0,4992232.0
469,508,Severobaykal'sk,109.3167,55.65,8.62,89.0,96.0,3.09,RU,1638132116.0,2016910.0
470,509,Bétérou,2.2586,9.1992,80.85,26.0,100.0,1.88,BJ,1638132117.0,2395127.0
471,510,Bilibino,166.4372,68.0546,-1.19,98.0,97.0,3.0,RU,1638132119.0,2126682.0
472,512,Semporna,118.6112,4.4818,77.2,87.0,100.0,10.54,MY,1638132121.0,1733697.0
473,513,Acaraú,-40.12,-2.8856,81.73,75.0,20.0,16.78,BR,1638132123.0,3408368.0
474,515,Alice Town,-79.3,25.7167,72.88,58.0,58.0,2.84,BS,1638132125.0,3572924.0
475,518,Impfondo,18.0667,1.6381,75.24,66.0,82.0,3.56,CG,1638132129.0,2259655.0
476,519,Rome,-75.4557,43.2128,33.94,80.0,90.0,5.75,US,1638132131.0,5134295.0
477,520,Comodoro Rivadavia,-67.5,-45.8667,75.06,23.0,0.0,36.82,AR,1638132132.0,3860443.0
478,521,Mbandaka,18.2603,0.0487,73.45,90.0,98.0,5.06,CD,1638132133.0,2312895.0
479,522,Sombrio,-49.6167,-29.1139,74.1,82.0,100.0,4.21,BR,1638132135.0,3447409.0
480,523,Khovd,91.6419,48.0056,15.64,35.0,12.0,0.94,MN,1638132137.0,1516048.0
481,524,Ayagoz,80.4392,47.9714,9.07,82.0,5.0,9.31,KZ,1638132138.0,1525988.0
482,525,Nova Olímpia,-57.2881,-14.7972,83.21,81.0,78.0,4.59,BR,1638132139.0,3456137.0
483,526,Lerwick,-1.1494,60.1545,32.0,54.0,98.0,8.7,GB,1638132010.0,2644605.0
484,527,Lavrentiya,-171.0,65.5833,-13.04,92.0,3.0,6.82,RU,1638132092.0,4031637.0
485,528,Narsaq,-46.05,60.9167,37.62,99.0,100.0,2.95,GL,1638132143.0,3421719.0
486,529,Kupang,123.5833,-10.1667,79.25,82.0,100.0,3.98,ID,1638132036.0,2057087.0
487,531,Kenai,-151.2583,60.5544,5.09,78.0,90.0,10.36,US,1638132147.0,5866063.0
488,532,Ahipara,173.1667,-35.1667,68.65,64.0,92.0,2.13,NZ,1638132149.0,2194098.0
489,533,Saint-Joseph,55.6167,-21.3667,73.78,85.0,36.0,5.59,RE,1638132150.0,6690296.0
490,534,Krasnaya Gorka,56.6673,55.1962,26.78,75.0,100.0,9.62,RU,1638132151.0,542769.0
491,535,Oriximiná,-55.8661,-1.7656,85.87,58.0,99.0,3.0,BR,1638132153.0,3393471.0
492,536,St. Marys,-81.5465,30.7305,62.71,41.0,90.0,5.75,US,1638132154.0,4220629.0
493,537,Vanavara,102.2797,60.34,7.25,97.0,100.0,3.83,RU,1638131941.0,2013727.0
494,538,Arinos,-46.1056,-15.9169,76.42,78.0,79.0,4.79,BR,1638132157.0,3471522.0
495,539,Ahmednagar,74.7333,19.0833,64.72,52.0,99.0,7.23,IN,1638131957.0,1279228.0
496,540,Kandalaksha,32.4123,67.162,3.96,96.0,84.0,0.98,RU,1638132159.0,553190.0
497,541,Sur,59.5289,22.5667,73.51,59.0,0.0,0.89,OM,1638132013.0,286245.0
498,542,Thinadhoo,72.9333,0.5333,81.91,72.0,83.0,18.79,MV,1638132162.0,1337610.0
499,543,Rio do Sul,-49.6431,-27.2142,79.25,70.0,100.0,1.19,BR,1638132163.0,3451152.0
500,544,Zyryanka,150.85,65.75,-28.01,97.0,100.0,5.35,RU,1638132165.0,2119283.0
501,545,Mendi,143.6513,-6.1761,57.34,96.0,100.0,1.23,PG,1638132166.0,2090990.0
502,546,Athabasca,-113.2854,54.7169,35.29,97.0,100.0,10.71,CA,1638132168.0,5887916.0
503,547,Pentecoste,-39.2703,-3.7928,83.44,64.0,7.0,11.36,BR,1638132169.0,3392345.0
504,548,Miranda,-76.2281,3.2499,82.53,70.0,87.0,1.95,CO,1638132171.0,3674702.0
505,549,Caucaia,-38.6531,-3.7361,84.15,70.0,20.0,14.97,BR,1638132172.0,3402429.0
506,550,Genhe,121.5167,50.7833,-1.61,100.0,45.0,1.39,CN,1638132174.0,2037252.0
507,551,Hermiston,-119.2895,45.8404,68.02,67.0,1.0,0.0,US,1638132175.0,5731070.0
508,552,San Jose,-121.895,37.3394,71.42,46.0,20.0,3.44,US,1638132176.0,5392171.0
509,553,Sistranda,8.834,63.7256,21.16,70.0,92.0,16.55,NO,1638132178.0,3139597.0
510,554,Vestmannaeyjar,-20.2734,63.4427,42.94,95.0,100.0,8.1,IS,1638132179.0,3412093.0
511,555,Turan,108.2208,16.0678,73.38,94.0,75.0,13.8,VN,1638132181.0,1583992.0
512,556,Rawson,-65.1023,-43.3002,75.24,25.0,65.0,11.7,AR,1638132182.0,3839307.0
513,557,Dzaoudzi,45.2699,-12.7887,76.89,88.0,0.0,1.14,YT,1638132184.0,921900.0
514,558,Paraíso,-83.8656,9.8383,70.66,89.0,84.0,4.63,CR,1638132185.0,3622547.0
515,559,Forsytheganj,29.7333,52.6333,40.19,95.0,100.0,7.78,BY,1638132186.0,10722858.0
516,560,Grand-Lahou,-5.0242,5.1367,79.48,83.0,4.0,7.94,CI,1638132188.0,2288105.0
517,561,Jurm,70.8342,36.8648,40.68,84.0,100.0,3.2,AF,1638132189.0,1139085.0
518,562,Batticaloa,81.6924,7.7102,79.02,84.0,94.0,6.44,LK,1638132191.0,1250161.0
519,563,Jos,8.9,9.9167,66.2,22.0,68.0,2.33,NG,1638132192.0,2335953.0
520,564,Kigoma,29.6267,-4.8769,72.61,80.0,39.0,4.21,TZ,1638132019.0,157738.0
521,565,Kungurtug,97.5228,50.5994,5.11,96.0,100.0,1.9,RU,1638131934.0,1501377.0
522,566,Barra de Tecoanapa,-98.75,16.5167,83.32,65.0,87.0,8.3,MX,1638132196.0,3516171.0
523,567,Tygda,126.3333,53.1167,4.53,70.0,0.0,6.76,RU,1638132197.0,2014743.0
524,568,Hilpoltstein,11.1886,49.19,32.83,95.0,100.0,2.24,DE,1638132199.0,2904638.0
525,570,Palauig,119.9045,15.435,79.92,74.0,79.0,3.6,PH,1638132201.0,1696188.0
526,571,Jaciara,-54.9683,-15.9653,81.54,74.0,71.0,6.46,BR,1638132203.0,3460355.0
527,572,São Félix do Xingu,-51.995,-6.6447,81.79,73.0,97.0,1.61,BR,1638132034.0,3388847.0
528,573,Whitehorse,-135.0538,60.7161,-5.03,84.0,20.0,3.44,CA,1638132205.0,6180550.0
529,574,Shakawe,21.85,-18.3667,75.54,55.0,84.0,3.98,BW,1638132207.0,933077.0
530,575,Hornepayne,-84.7705,49.2138,24.42,88.0,100.0,7.78,CA,1638132208.0,5977046.0
531,576,Port Augusta,137.7667,-32.5,57.34,44.0,0.0,5.84,AU,1638132209.0,2063056.0
532,577,Nagorsk,50.8078,59.3172,33.96,98.0,100.0,11.05,RU,1638132211.0,523583.0
533,578,Beringovskiy,179.3167,63.05,3.65,96.0,98.0,5.01,RU,1638132212.0,2126710.0
534,579,Tupik,119.9327,54.4253,-3.69,98.0,79.0,2.57,RU,1638132214.0,2014836.0
535,580,Ikungi,34.7667,-5.1333,68.09,60.0,66.0,10.42,TZ,1638132215.0,159267.0
536,581,Husavik,-17.3389,66.0449,28.31,95.0,100.0,5.06,IS,1638132216.0,2629833.0
537,582,Port Angeles,-123.4307,48.1181,55.17,94.0,90.0,3.44,US,1638132218.0,5807212.0
538,583,Palmer,-72.3287,42.1584,33.35,64.0,90.0,3.44,US,1638132219.0,4946620.0
539,584,San Quintín,-115.95,30.4833,72.54,36.0,0.0,10.83,MX,1638132221.0,3984997.0
540,585,Tondano,124.9112,1.3038,68.09,92.0,98.0,1.61,ID,1638132222.0,1623424.0
541,586,Punta de Bombón,-71.7931,-17.1717,67.96,75.0,99.0,6.76,PE,1638132223.0,3931255.0
542,587,Arua,30.9111,3.0201,64.81,88.0,52.0,2.48,UG,1638132225.0,235039.0
543,588,Pochutla,-96.4661,15.7432,85.05,49.0,98.0,6.62,MX,1638132226.0,3517970.0
544,589,Nhulunbuy,136.7667,-12.2333,75.81,88.0,75.0,0.0,AU,1638132228.0,2064735.0
545,590,Nouakchott,-15.9785,18.0858,75.13,32.0,91.0,19.26,MR,1638132152.0,2377450.0
546,591,Merauke,140.3333,-8.4667,79.97,80.0,100.0,3.74,ID,1638132230.0,2082539.0
547,592,Constitución,-72.4167,-35.3333,63.14,57.0,6.0,20.83,CL,1638132017.0,3893726.0
548,593,Huron,-82.5499,41.1501,38.64,83.0,95.0,15.79,US,1638132233.0,5158275.0
549,594,Shaowu,117.4831,27.3409,54.81,95.0,37.0,1.41,CN,1638132234.0,1795857.0
550,595,Walvis Bay,14.5053,-22.9575,59.95,88.0,0.0,5.75,NA,1638132236.0,3359638.0
551,598,Charcas,-101.1167,23.1333,67.75,38.0,71.0,2.66,MX,1638132240.0,4014501.0
552,599,Denpasar,115.2167,-8.65,76.66,88.0,20.0,1.14,ID,1638132167.0,1645528.0
553,600,Constantine,6.6147,36.365,40.95,68.0,41.0,15.21,DZ,1638132242.0,2501152.0
554,601,Kununurra,128.7333,-15.7667,75.18,94.0,47.0,0.0,AU,1638132236.0,2068110.0
555,602,Alice Springs,133.8833,-23.7,56.75,77.0,0.0,0.0,AU,1638132245.0,2077895.0
556,603,Xining,101.7667,36.6167,22.15,79.0,100.0,3.24,CN,1638132246.0,1788852.0
557,604,Natal,-35.2094,-5.795,84.85,74.0,20.0,12.66,BR,1638132248.0,3394023.0
558,605,Pahrump,-115.9839,36.2083,71.65,11.0,0.0,1.95,US,1638132249.0,5509851.0
559,606,Skibbereen,-9.2667,51.55,48.0,85.0,100.0,10.92,IE,1638132250.0,2961459.0
560,607,Gimbi,35.8333,9.1667,60.55,51.0,23.0,3.27,ET,1638132252.0,336496.0
561,608,Tomatlán,-105.25,19.9333,85.73,50.0,82.0,8.19,MX,1638132253.0,3981391.0
562,609,Kutum,24.6667,14.2,68.63,20.0,0.0,9.06,SD,1638132255.0,371745.0
563,610,Price,-110.8107,39.5994,52.86,30.0,1.0,3.44,US,1638132256.0,5545269.0
564,611,Mahon,4.2658,39.8885,45.16,81.0,20.0,8.05,ES,1638132005.0,2514301.0
